name,transcription
Recording (100)_chunk_0000.wav,हामीलाई बोलाउँछन् हिमचुली राम्रा उकालीमा उचालिन्छन् हल्का पाइला हाम्रा उकालीको चिसो पानी
Recording (100)_chunk_0001.wav,अँजुलीले खाउला देउरालीको बिसौनीमा सुसेरीले गाउला
Recording (100)_chunk_0002.wav,भनभित्र डढुङ्गामाथि गाउँलन् गठालिनी गाईलाई बोलाउलन् लाला उदी नानी
Recording (100)_chunk_0003.wav,उनी सोतेन हामीलाई कहाँ जाने दाई भन्नुपर्र्ला हिमालको बुटी खोज्नलाई
Recording (100)_chunk_0004.wav,दोरिेटोमा कस्तुरीले तिरिन् च्यापी हेर्लान् पातैपात चरा नाच्ने पातलले घेर्लान्
Recording (100)_chunk_0005.wav,टाकुरामा कुहिराको दौडादौडी होला
Recording (100)_chunk_0006.wav,लेखदेखि इन्द्रणीलाई बनबेसी छोला भेडाचर्लान् निगाालाको टुप्पो हिलाएर
Recording (100)_chunk_0007.wav,चर्मिन सर्लाल चमेरका झुपी छझुलाएर
Recording (100)_chunk_0008.wav,मग मग बुकी फुलको बासनाले ढालला
Recording (100)_chunk_0009.wav,उत्तरमा झुक्ने धुपी उत्तरैमा ढाक्ला नागियुमा
Recording (104)_chunk_0000.wav,कुनै पनि देशको मुख्य परिचायक तत्त्व भनेको संस्कृति हो नेपाल पनि आफ्नै संस्कृतिका कारण विश्वमा सबै
Recording (104)_chunk_0001.wav,सबैतिर चिनिएको छ नेपाल बहुजातीय र बहु सांस्कृतिक देश हो नेपालमा बसोबास गर्न
Recording (104)_chunk_0002.wav,सबै जातिका आ आफ्नै संस्कृति छन् खस नेवार राई गुरुङ तामाङ लगायत
Recording (104)_chunk_0003.wav,सबै जातिका आआ आफ्नै संस्कृति छन् सर्वप्राचीन वैदिक संस्कृतिको आधारभूमि र संसारमै लोकप्रिय
Recording (104)_chunk_0004.wav,लोकप्रिय बनेको बौद्ध संस्कृतिको उद्गम स्थल नेपाल नै हो
Recording (104)_chunk_0005.wav,नेपाली संस्कृतिमा म मात्र खााउँ म मात्र लाउँ स्वार्थी भावना नभई सबै निरोगी र
Recording (104)_chunk_0006.wav,र खुसी हुन् अनि सम्मानपूर्वक बाँच्न पाउन् भन्ने भाव रहेको छ नेपालमा रहेको सबै जातिमा
Recording (104)_chunk_0007.wav,जातिका संस्कृतिको साझा विशेषता चाहिँ प्राकृतिलाई कुनै न कुनै रूपमा पूजा गर्नु हो
Recording (104)_chunk_0008.wav,यस्तै आमाबुवा पाहुना र गुरुलाई देवता मान्ने संस्कृति नेपालको साझा संस्कृति हो यसरी
Recording (104)_chunk_0009.wav,नेपाली संस्कृतिका उत्कृष्ट विशेषता हुँदाहुँदै पनि यसमा केही विकृति पनि देखिन थालेका छन्
Recording (104)_chunk_0010.wav,यस्ता विकृतिबाट मानिसमा ठगाह मिचाह हेपाह चुसाह र लु
Recording (104)_chunk_0011.wav,लुटाहा प्रवृत्तिको विकास हुन्छ यस्ता प्रवृत्ति भएको मान्छे निष्क्रिय हिंसक
Recording (104)_chunk_0012.wav,पियक्कर मान्छेले आफूलाई जतिसुकै बुछक्कर थाने पनि तिनीहरू प्राय
Recording (104)_chunk_0013.wav,झुलक्कड नै हुने भएझै विकृतिमा रमाउने मानिस पनि समाजमा
Recording (104)_chunk_0014.wav,यस्ता व्यक्तिमध्ये कोही कोही आर्थिक रूपमा समृद्ध र सुख होलान् तर विकृतिमा रमाउने हुन्छ सधैँ दुगृत
Recording (104)_chunk_0015.wav,भने झै अरूलाई ठगेर एवम् दुःख दिएर कमाएको धनसम्पत्ति विविद कारणवश नष्ट हुन्छ
Recording (104)_chunk_0016.wav,यिनीहरू फिरन्दे र मगन्ते जीवन जिउन बाध्य हुन्छन् निष्क्रिय जीवन जिउनको त प्र
Recording (104)_chunk_0017.wav,प्रकृतिको सम्भावना नै रह रहँदैन यसैले सांस्कृतिक उन्नतिको सूचक हो भने विकृति अवनतिकारक हो
Recording (11)_chunk_0000.wav,थाङ्गा कलाको उत्कृष्ट रूप त हुँदै हो साथसाथै यो सुन्दर प्रविधि पनि हो
Recording (11)_chunk_0001.wav,यसका लागि सर्वप्रथम सरेस बनाइन्छ सरेस भनेको जनावरको छाला पानीमा उमालेर बनाइएको चिप्लो बाक्लो झोल हो
Recording (11)_chunk_0002.wav,त्यसपछि सरसमा कमेरो माटो हालेर पकाइन्छ र एक प्रकारको गम जस्तो माड तयार पारिन्छ
Recording (11)_chunk_0003.wav,त्यो माडलाई फ्रेममा तन्काइएको सेतो कटन वा सिल्क कपडामा दलिन्छ र सुकाइन्छ
Recording (11)_chunk_0004.wav,यसरी बनाइएको कपडालाई तन्काएर तीन चार पटकसम्म चिल्लो ढुङ्गा वा शङ्खले घोटिन्छ
Recording (11)_chunk_0005.wav,यसो गर्दा कपडा चिल्लो हुन्छ र चित्र कोर्न योग्य बन्छ
Recording (12)_chunk_0000.wav,थाङ्गा कोर्ने काममा पनि विभिन्न चरण र प्रक्रिया हुन्छन् सर्वप्रथम खाइबाले सिसा कलमले चित्र स्केच गर्छन्
Recording (12)_chunk_0001.wav,स्केच गरिएको चित्रलाई तलमाथि नपरोस् भन्ने उद्देश्यले ट्रेसिङ पेपरमा उतारिन्छ त्यसपछि स्केच गरिएको चित्रमा रङ भर्ने काम हुन्छ
Recording (12)_chunk_0002.wav,रङ भर्ने कामपछि चित्रलाई स्पष्ट देखिने गरी लाइन कोर्ने काम गरिन्छ
Recording (12)_chunk_0003.wav,त्यसपछि सुन्दलिन्छ थाङ्कामा चौबिस क्यारेटको गुणस्तरीय सुन्दल्ने चलन छ
Recording (12)_chunk_0004.wav,यसका लागि सर्वप्रथम सुनलाई सरेसँग मिलाएर पानीमा घोलिन्छ
Recording (12)_chunk_0005.wav,यसरी घोल्दा पानी माथि हुन्छ र पग्लेको सुन तल जान्छ पग्लिएको सुनको लेपलाई
Recording (14)_chunk_0000.wav,त्यही बेला नेपाल र तिब्बतका बीचमा स्वतन्त्र रूपमा आवतजावत हुन्थ्यो सोझो व्यापारिक सम्बन्ध थियो
Recording (14)_chunk_0001.wav,नेपालीहरू तिब्बतमा व्यापार व्यवसाय मात्र होइन घर गृहस्थी गरेर बस्थे
Recording (14)_chunk_0002.wav,त्यतिबेला नेपाल तथा तिब्बतका बौद्ध मार्गहरूमा कपडामा लेखिएको देवी देवताको पूजा गर्ने चलन थियो
Recording (14)_chunk_0003.wav,पहिले सामान्य कपडामा सामान्य रूपमा चित्र लेख्ने गरिन्थ्यो पछि त्यसलाई टिकाउ र कलात्मक बनाउन थालियो
Recording (14)_chunk_0004.wav,तिब्बत र चिनमा नेपाली कलाकारहरूलाई झिकाएरै कला सिर्जना गर्न लगाइयो
Recording (14)_chunk_0005.wav,त्यसैले नेपाली कलाकारहरूले तिब्बत र चिनमै गएर पनि थाङ्का लेख्न थाले
Recording (14)_chunk_0006.wav,पछिल्लो समयमा थाङ्का नेपाल तिब्बत र भुटानसहितको हिमाली बौद्धमार्गीहरूको पहिचान बनिएको छ
Recording (16)_chunk_0000.wav,थाङ्का कलाप्रेमीहरूका लागि उत्कृष्ट कलाकृत बौद्धमार्गीहरूका लागि आस्थाको प्रतीक र शान्तिप्रेमीका लागि शान्तिको प्रतीक हो
Recording (16)_chunk_0001.wav,गुम्बाहरूमा र घर घरमा समेत थाङ्कालाई सजाइन्छ र पुजिन्छ
Recording (16)_chunk_0002.wav,लामा बौद्ध समुदायमा त हरेक मृतकका नाममा एउटा थाङ्का अनिवार्य रूपमा चाहिन्छ
Recording (16)_chunk_0003.wav,मान्छे मर्दा उसको इष्ट देवताअनुसार अलग अलग थाङका चाहिन्छ मृत
Recording (16)_chunk_0004.wav,ितकक नाममा थाङ्का घरमा पूजा गरिन्छ वा गुम्बाहरूमा चढाइन्छ
Recording (16)_chunk_0005.wav,त्यस्तो त थाङ्गा पौधमार्कीहरूले मात्र होइन अरूले पनि किन्छन्
Recording (16)_chunk_0006.wav,कला मन पराउनेहरू सुन्दर कलाका रूपमा यसलाई किन्छन् नेपाल घुम्न आउने कतिपय प पर्यटकहरू
Recording (16)_chunk_0007.wav,बुद्ध जन्मिएको भूमिको चिनोको रूपमा पनि थाङ्कालाई किन्ने गरेका छन्
Recording (16)_chunk_0008.wav,पछिल्लो समयमा थाङ्गाको कला र प्रविधि प्रयोग गरेर
Recording (16)_chunk_0009.wav,अरू धर्मका देवी देवताहरूको चित्रहरू पनि बनाउन थालिएको छ
Recording (17)_chunk_0000.wav,नेपालमा हरेक जाति समुदायका आफ्ना मौलिक सिप प्रविधि र उत्पादन छन् हामीसँग धातु
Recording (17)_chunk_0001.wav,काठ न बाँस माटो पात कपास आदिका सामान बनाउने आफ्नै प्रकारको सिप र प्रविधि थियो अझै छ
Recording (17)_chunk_0002.wav,हाम्रा आफ्नै मौलिकतामा राडीपाखी गलैँचा कागज कपडा फाँडाकुँडा मूर्ति आदिको उत्पादन हुने गरिएको पाइन्छ
Recording (17)_chunk_0003.wav,विश्वव्यापीकरणको बढ्दो प्रभावसँगै आयातीत उत्पादनको बढ्दो प्रयोगले हाम्रा मौलिक उत्पादनहरू सङ्कटमा पर्दै गएका छन्
Recording (17)_chunk_0004.wav,यसैले हामीले हाम्रा मौलिक उत्पादनलाई प्रवर्धन गर्नु आवश्यक छ थाङ्गा हाम्रा
Recording (19)_chunk_0000.wav,धेरै मानिसहरू थाङका व्यवसायमा आश्रित छन् आजभोलि अरू जातिका मानिसहरू पनि यसमा संलग्न हुन थालेका छन्
Recording (19)_chunk_0001.wav,थाङ्का व्यवसायमा अपाङ्गता भएका व्यक्तिहरू समेत सहभागी हुन थालेका छन्
Recording (19)_chunk_0002.wav,वर्षेनी अरौबौँ रुपैयाँको थाङ्का विदेशमा बिक्री हुन्छ संसारमा थाङकाको साथसाथै बुद्धसम्बन्धी मूर्तिहरूको पनि उत्तिकै माग छ
Recording (19)_chunk_0003.wav,कतिपय बौद्धमार्गीहरू थाङ्गाको साथसाथै बुद्धका मूर्तिहरू पनि लैजान्छन् नेपालमा बुद्ध सम्बन्धी मूर्तिको उत्पादन पनि हुने गरेको छ
Recording (19)_chunk_0004.wav,बुद्ध र भिगुटीको जन्मथलो कतिपय बुद्ध गुरुहरूको धर्म र ज्ञानथलोको रूपमा रहेको नेपाल
Recording (19)_chunk_0005.wav,यसर्थ थाङ्का र मूर्तिलाई सँगसँगै प्रवर्तन गर्ने गर्न सके नेपाल बुद्ध सम्बन्धी सामग्री उत्पाद
Recording (19)_chunk_0006.wav,उत्पादन र बिक्री गर्ने संसारकै प्रमुख राष्ट्र बन्न सक्छ
Recording (20)_chunk_0000.wav,हरियालीले भरिपूर्ण गुल्मी जिल्लाको दिगाम गाउँ प्राचीनकालदेखि नै स्वर्ग जस्तै साँच्चै सुन्दर थियो
Recording (20)_chunk_0001.wav,यही गाउँको रातामाटा भन्ने ठाउँमा एउटा आकर्षक घर थियो त्यस घरमा
Recording (20)_chunk_0002.wav,पुराना खालका सामानहरू र आधुनिक कालका सामानहरू प्रशस्तै थिए
Recording (20)_chunk_0003.wav,त्यस घरमा ढिकी जाँतो माना पाथी आदि पुराना सामानहरूले घरको शोभा बढाएका थिए ती सामानहरू ठाउँ ठाउँमा मिलाएर राखिएका थिए
Recording (20)_chunk_0004.wav,गाउँ निकै विकसित हुँदै थियो किसानहरू उखु खेती गर्दै थिए
Recording (20)_chunk_0005.wav,खेतीबारीमा अदुवा लगाउँदै थिए उनीहरूले फलफुल खेती पनि गरेका थिए र आफ्नो आम्दानी पनि बढाएका थिए
Recording (20)_chunk_0006.wav,उनीहरूले यस घरलाई गाउँकै सङ्ग्रहालय बनाउन चाहेका थिए किनकि मानिसहरू त्यो घर देखेर निकै प्रसन्न हुन्थे
Recording (20)_chunk_0007.wav,त्यस घरमा दुईजना बुढाबुढी बस्थे तिनीहरू मिलिचुली खेतबारी काम गर्थे
Recording (20)_chunk_0008.wav,म पनि यही घरमा जन्मेँ मिठा मिठा फलफुल खाएँ यही गाउँमा खेलि खेलि हुर्केँ
Recording (22)_chunk_0000.wav,टेलिभिजनमा समाचार आउँदै थियो विद्वानहरूले आफ्ना विचार राख्दै थिए
Recording (22)_chunk_0001.wav,अब नेपालको विकासको गति लिँदैछ देशभर उद्योगहरू खुल्दैछन् कृषिमा नयाँ क्रान्ति आउँदैछ
Recording (22)_chunk_0002.wav,युवा शक्ति अगाडि बढ्दैछन् सबै नागरिकहरू उत्साहित भएर काममा लाग्दैछन्
Recording (22)_chunk_0003.wav,देश सङ्घीयतामा जाँदैछ भूगोलका रेखाहरू कोरिँदैछन्
Recording (22)_chunk_0004.wav,जनताका आकाङक्षाहरू पूरा हुँदैछन् ठाउँ ठाउँमा बिजुली निकालिँदैछ
Recording (22)_chunk_0005.wav,राजनीतिक परिवर्तनपछि नेपाल नयाँ युगम प्रमा प्रवेश गर्दै थियो
Recording (22)_chunk_0006.wav,नेपालीहरू रमाउँदै थिए नेपाल नवीन सोच र इच्छा शक्तिका साथ अगाडि बढ्दै थियो
Recording (26)_chunk_0000.wav,वर्षा आनन्द प्राप्तिको समय हो यो समयमा रस र धरतीको मिलन हुन्छ
Recording (26)_chunk_0001.wav,धरतीमा रहेका सम्पूर्ण वनस्पति रुख बिरुवा प्राणी आदिले जीवनका लागि ऊर्जा प्राप्त गर्छन्
Recording (26)_chunk_0002.wav,मानवको मनमा खेतमा धान रोपेर मङ्सिरमा अन्न ऐश्वर्या ल्याई यस धरतीमा आफू बाँचेर अरूलाई पनि बचाउने कल्पनाको बाढी आउँछ
Recording (26)_chunk_0003.wav,आकाश गीत सङ्गीतले युक्त हुन्छ धरतीका सम्पूर्ण प्राणीहरू सुखरूपी समुद्रमा पौडखिन्
Recording (28)_chunk_0000.wav,आधुनिक युगमा मानवीय आवश्यकता पूर्ति गर्न वैज्ञानिकहरूले नयाँ नयाँ कुराको अनुसन्धान गरेका छन्
Recording (28)_chunk_0001.wav,गाउँलेहरू सहरया भएका छन् तर आफ्नो कर्तव्य बिर्सन थालेका छन्
Recording (28)_chunk_0002.wav,सहरमा औद्योगिक क्षेत्रको विकास मात्र होइन दानवीय प्रवृति पनि देखा परिएको छ
Recording (28)_chunk_0003.wav,विज्ञानले विविध क्षेत्रमा चमत्कारिक परिवर्तन गरे तापनि मानवता हराएको छ
Recording (28)_chunk_0004.wav,शिक्षित नेपालीहरू पनि नैतिक र चरित्रवान बन्न सकेका छैनन्
Recording (28)_chunk_0005.wav,शैक्षिक बेरोजगारी बढेको छ गरिबीले सताएको छ
Recording (28)_chunk_0006.wav,सहरको यान्त्रिकताभित्र मानिसहरू दयालु र मायालु बन्न सकेका छैनन्
Recording (28)_chunk_0007.wav,बसमा चढ्दा पनि होसियार बन्नुपर्छ नत्र आफ्नो मोबाइलसमेत चोरी हुनसक्छ
Recording (28)_chunk_0008.wav,सहरमा जङ्गली जनावरको डर त छैन तापनि रक्षाह मिचाह र नशालुको डर हुन्छ
Recording (28)_chunk_0009.wav,छापाली गोर्खाली पाल्पाली गुल्मेली र पर्वत लगायत सबै नेपालीहरू मिल्नुपर्छ
Recording (34)_chunk_0000.wav,गाउँ बस्तीका मानिसलाई बाहिरतिर घुम्न त्यति धेरै अवसर हुँदैन खेत बारी कुलो वन घास
Recording (34)_chunk_0001.wav,दाउरा वरपर तलमाथि गर्दै उनीहरूको समय बित्छ
Recording (34)_chunk_0002.wav,हिउँद वर्षा जाडो गर्मी हावा हुरी बतास बिहान बेलुका दिउँसो राति आदि सबै
Recording (34)_chunk_0003.wav,सबै याम समय मौसममा काम गर्नुपर्छ उनीहरूले कहिले काहीँ जान पाउने ठाउँ भनेको नजिकैको हाटबजार हो
Recording (34)_chunk_0004.wav,यसबाहेक उनीहरू कहिलेकाहीँ गाउँमा हुने बिहेबटुलो चाडपर्व जात्रा मेला उत्सव आदिमा जान पाउँछन्
Recording (37)_chunk_0000.wav,यस कम्पनीबाट उत्पादित तथा सङ्कलित वस्तुको बिक्री विवरण गर्ने र दुई कम्पनीका बीचमा सहकार्य गर्ने भनी
Recording (37)_chunk_0001.wav,त्यस कम्पनीले राखेको प्रस्तावलाई यो कम्पनी सहरर्ष स्वीकार गर्छ
Recording (37)_chunk_0002.wav,यस कम्पनीले विगतका दिनमा अन्य धेरै कम्पनीसँग सहकार्य गरिसकेको छ र त्यसबाट दुवै पक्ष लाभावित पनि भएका छन्
Recording (37)_chunk_0003.wav,त्यसैले आगामी दिनमा अन्य कम्पनीसँग झैँ त्यस कम्पनीसँग पनि सुमधुर वातावरणमा सहयोग आदान प
Recording (37)_chunk_0004.wav,आदान प्रदान हुने अपेक्षाका साथ यथाशीघ्र सम्झौता गरी काम अघि बढाउन समेत यो कम्पनी अनुरोध गर्छ
Recording (37)_chunk_0005.wav,यस कम्पनीबाट उपलब्ध हुने वस्तुहरूको विस्तृत विवरण र मूल्य सूची हाम्रो वेबसाइटमा उपलब्ध छ
Recording (37)_chunk_0006.wav,यस कम्पनीबाट उत्पादित तथा सङ्कालित सामानको विवरण यस प्रकार रहेका छन्
Recording (46)_chunk_0000.wav,म आज वाद विवाद प्रतियोगिताको विषयको विपक्षबाट बोल्दैछु स्थानीयकरणले स्थानीय भाषा
Recording (46)_chunk_0001.wav,क्षेत्र जाति प्रविधि सिप विचारको संरक्षण सम्वर्धन र विकासको कुरा गर्छ
Recording (46)_chunk_0002.wav,कुनै पनि भाषा संस्कृति जाति सम्पूर्ण मानव जातिका सम्पत्ति हुन्
Recording (46)_chunk_0003.wav,यी हाम्रा पुर्खाहरूको आविष्कार हुन् तिनमा मानव जातिका इतिहास सुरक्षित हुन्छ
Recording (46)_chunk_0004.wav,मान्छेले आफ्नो बाल्य परिवेशमा सिकेको भाषा सिप
Recording (46)_chunk_0005.wav,चालचलनहरू चाहेर पनि भुल्न सक्दैनन् र ती उसका लागि प्रिय हुन्छन्
Recording (46)_chunk_0006.wav,ती उसका जीवन पद्धति बनिसकेका हुन्छन् तिनमै उसको पहिचान बनिसकेको हुन्छ
Recording (46)_chunk_0007.wav,अनि आफ्नो सारा पहिचान बनिसकेको विषयको संरक्षण सम्वर्धन र विकास गर्नु उसको अधिकार र कर्व्य होइन र
Recording (46)_chunk_0008.wav,स्थानीयकरण जस्तै अधिकार र कर्तव्य त्यातक हो यसैले म स्थानीयकरणको पक्षपाती छु
Recording (49)_chunk_0000.wav,समयको एउटा लामो झरीपछिछि बल्ल घाम उदाएको छ बिहान भएको छ
Recording (49)_chunk_0001.wav,पानी थामिएको छ अब हामीले हाम्रो आरोहणको थालनी गर्नुपर्छ आस्थाको टुकी बाल्नुपर्छ
Recording (49)_chunk_0002.wav,अब हामीले उज्यालो छर्नुपर्छ मौसम पसन्तको छ अब हामीले गीत गुन्जउनुपर्छ
Recording (49)_chunk_0003.wav,फर्केका छन् गुराँसहरू अब हामीले मालाहरू उन्नुपर्छ
Recording (49)_chunk_0004.wav,नाच्दा नाच्दै चहाँ रोकेका थियो सोरठीको ताल त्यहीँबाट चाल्दै एउटा चालका तीन कोटी पाइला
Recording (63)_chunk_0000.wav,प्रकृतिमा जनताको जीवनमा र तिनका सुखदुखमा ठुलो ज्ञान हुन्छ तिनीहरूसँग भिचेर ज्ञानको उपार्जन गर्न सकिन्छ
Recording (63)_chunk_0001.wav,समाजका केटाकेटी बुढाबुढीसँग सम्पर्क राख्नाले र लेख बेसी गाउँघर
Recording (63)_chunk_0002.wav,खेतखलो मेला उत्सवमा घुम्ने फेर्ने गर्नाले पनि धेरै अनुभवी तथा पा
Recording (63)_chunk_0003.wav,पारखी बनाउँछ लोक साहित्यमा चलेको राम्रा राम्रा गीत उखान टुक्का लोककथा
Recording (63)_chunk_0004.wav,गाउँखाने कथा आदि सुन्ने बटुल्ने गर्नाले लोकसाहित्यको स सम्वर्धन र विकासमा मद्दत पनि हुन्छ
Recording (63)_chunk_0005.wav,कुनै चिज घटना वा दृश्य देख्दा उठेको विचार र मनमा आएको भावहरूलाई अभिव्यक्त गर्नुपर्छ
Recording (63)_chunk_0006.wav,यो वास्तविक अनुभूति यथार्थ पनि हुन्छ यसरी नै नयाँ चिज खोज्ने उत्सुकता र नयाँ चिज
Recording (63)_chunk_0007.wav,ग्रहण गर्ने संस्कार बसाउनुपर्र्छ पर्यवेक्षण र कल्पना पनि शक्ति बढाउनुपर्र्छ
Recording (64)_chunk_0000.wav,दुईजना बटुवा बगरमाथि हिँड्दै थिए खाम चर्किँदै थियो एकजनाले छाता ओड्यो
Recording (64)_chunk_0001.wav,अर्कासँग छाता थिएन तर उसले जुत्ता लगाएको थियो छाता हुनेसँग जुत्ता थिएन
Recording (64)_chunk_0002.wav,केही बेरपछिछि घामको रूपले बालुवा बेसरी तात्यो
Recording (64)_chunk_0003.wav,छाता हुनेको पैदाला फत्फती पुोल्न थाल्यो उसले आफ्नो सहयात्रीलाई भन्यो
Recording (64)_chunk_0004.wav,बालुवाले साह्रै पोल्न थाल्यो मलाई एकछिन तिम्रो जुत्ता देऊ म तिमीलाई मेरो छाता दिन्छु
Recording (64)_chunk_0005.wav,जुत्तावालाले आफ्नो जुत्ता फुकालेर साथीलाई दियो र छाता ओढेर खाली खुट्टा बालुवामाथि हिँड्न थाल्यो
Recording (64)_chunk_0006.wav,पाँच दस पाइला हिँड्दा हिँड्दै ऊ आतयो र भन्यो भो तिम्रो छाता तिमी नै ओड मेरो जुत्ता देऊ जुत्ता नभई म एक पाइलाई हिँड्न सक्दिन
Recording (64)_chunk_0007.wav,विचार छातावाला सङ्कटमा पर्यो र उसले भन्यो कस्तो अचम्म घामबरू सहन सकिन्छ
Recording (64)_chunk_0008.wav,तर त्यही घामले तातेको बालुवालाई सहन सकिन्न ती दुई बटुवा कुरा सुनिरहेको बालुवाले
Recording (64)_chunk_0009.wav,खमण्डले फुल्दै सूर्यलाई हेऱ्यो र चिचछ्यायो देख्यो मेरो शक्ति
Recording (64)_chunk_0010.wav,तिमी जति कडा भए पनि मानिसलाई पोल्न सक्दैनौ मैले मान्छेको सातो लिन सक्छु
Recording (64)_chunk_0011.wav,यो सुनेर सूर्य मुसुक्क हाँस्यो र बादलभित्र पस्यो बटुवाहरू
Recording (64)_chunk_0012.wav,ले चैनको सास फेरे केही बेरमै बालुवा सेलायो पटुवाहरू आरामसाथ अगाडि बढे
Recording (66)_chunk_0000.wav,खेतीका दुई तरिका छन् रासायनिक र जैविक रासायनिक मल तथा
Recording (66)_chunk_0001.wav,कीटनाशक विषादीको प्रयोग गरेर गरिने खेती रसायनिक खेती हो परम्परागत जैविक
Recording (66)_chunk_0002.wav,वस्तुमा मात्र ननिभर रहेर गरिने खेती जैविक हो
Recording (66)_chunk_0003.wav,जीवसँग सम्बन्धित कुरालाई जैविक भनिन्छ जो जन्मिन्छ बढ्छ र मर्छ अनि जसलाई
Recording (66)_chunk_0004.wav,बाँच्नका लागि खाना पानी र हावा चाहिन्छ त्यही नै जीव हो
Recording (66)_chunk_0005.wav,विषादी लगायतका हानिकारक तत्त्व प्रयोग नगरी गरिने खेती जैविक हो
Recording (66)_chunk_0006.wav,यसमा मानिस तथा जीवका लागि हानिकारक हुने तत्त्प्रयोग हुँदैन
Recording (66)_chunk_0007.wav,आफ्नै परिवेशमा पाइने वनस्पति जडीबुटी तथा अन्य वस्तुबाट जैविक खेतीका सामग्री तयार पारिन्छ यी सामग्री जीवनका लागि हानिकारक नभई लाभदायक हुन्छन्
Recording (66)_chunk_0008.wav,कृषियुगको आरम्भसँगै जैविक खेतीको सुरुवात भएको हो
Recording (66)_chunk_0009.wav,उद्योगधन्दाको विकाससँगै जनसङ्ख्याको ठूलो हिस्सा कृषिबाट विमुख भयो
Recording (66)_chunk_0010.wav,थोरैले काम गरेर धेरैलाई पाल्नुपर्र्ने भयो यसैले थोरै जमिनमा धेरै उत्पादन गर्ने उपायका रूपमा
Recording (66)_chunk_0011.wav,रासायनिक मलमा बाली बिरुवाका लागि अधिक मात्रामा चाहिने नाइट्रोजन फस्फरस
Recording (66)_chunk_0012.wav,जस्ता खाद्यतत्त्वहरू मिश्रण गरिएको उत्पादन बढ्न थाल्यो
Recording (66)_chunk_0013.wav,यसै गररी बीसौँ शताब्दीदेखि बाली नालीमा लाग्ने
Recording (66)_chunk_0014.wav,नियन्त्रण गर्न विषाधीको पनि प्रयोग हुन थाल्यो रासायनिक मलबाट उत्पादन बढ्ने
Recording (66)_chunk_0015.wav,विषादीको प्रयोगबाट रोग र किरा नियन्त्रण हुने भएपछि थोरै जमिनमा धेरै उत्पादन हुनु स्वाभाविक हो
Recording (66)_chunk_0016.wav,यसरी थोरै मेहनतबाट धेरै उब्जनी दिन सकेकाले रासायनिक खेती चाँडै लोकप्रिय हुन थाल्यो
Recording (66)_chunk_0017.wav,रासायनिक खेतीमा यी फाइदाहरू भएर पनि यसका बेफाइदा पनि देखििन
Recording (66)_chunk_0018.wav,यसले गर्दा रासायनिक खेतीका विषयमा अनुसन्धान र अध्ययन गर्नुपर्ने अवस्था आयो
Recording (66)_chunk_0019.wav,हुन थालेका अध्ययनले यसको विकल्पको खोजी गर्नुपर्ने तथ्यलाई प्रस्तुत गर्यो
Recording (66)_chunk_0020.wav,पृथ्वीको पर्यावरण मानव स्वास्थ्य र वानस्पतिक चक्रमा आएको सङ्कटले पनि रासायनिक खेती प्रतिकूल हुन्छ भन्ने निष्कर्ष प्रस्तुत भयो
Recording (68)_chunk_0000.wav,रासायनिक मलले माटोको अम्लयपन बढाएर प्राकृतिक बनावट बिगार्छ जैविक तत्त्वको कमी हुँदा जमिन मरूभूमिमा परिणत हुन बेर लाग्दैन
Recording (68)_chunk_0001.wav,बाली बिरुवालाई सखा पार्ने किट पतङ्गलाई कतिपय किरा फट्याङ्ग्रा च
Recording (68)_chunk_0002.wav,चराचुरुङ्गीहरूले खाएर थपाएर सहयोग पुऱ्याइरहेका हुन्छन् त्यस्तै मौरी बारुला पुतली
Recording (68)_chunk_0003.wav,झिङ्गाा लगायतका किटपतङ्ले बालीको पराग प्रक्रियामा
Recording (68)_chunk_0004.wav,सहयोग पुर्याई उत्पादन बढाउँछ रासायनिक खेतीले बाली बिरुवाको मित्रलाई पनि असर गर्दछ
Recording (68)_chunk_0005.wav,अर्कातिर शत्रुक्रिया किराहरूको क्षमता बढ्छ र कडाभन्दा कडा
Recording (68)_chunk_0006.wav,खालका विषादीको प्रयोग गर्नुपर्ने अवस्था आउँछ विषादीको बढ्दो प्रयोगले मानव स्वास्थ्यमा गम्भीर असर गर्छ यसले क्यान्सर उच्च रक्तचाप
Recording (68)_chunk_0007.wav,कलेजो र फोक्सो बिग्रिने खालका रोगहरूलाई निम्त्याउँछ यसरी रासायनिक खेतीले मानव स्वास्थ्य पर्यावरणीय सन्तुलन र
Recording (7)_chunk_0000.wav,वाक्यमा प्रयुक्त पदको निश्चित क्रम हुन्छ कुनै पनि भाषामा नाम सर्वनाम विशेषण क्रिया
Recording (7)_chunk_0001.wav,क्रियाविशेषण आदि शब्द वाक्यमा प्रयोग भइसकेपछि तिनलाई पद भनिन्छ
Recording (7)_chunk_0002.wav,भाषामा धेरै किसिमका पद भए पनि तिनले वाक्यमा प्रयुक्त हुँदा सम्पन्न गर्ने मुख्य कार्यका आधारमा कर्ता
Recording (7)_chunk_0003.wav,कर्म र क्रिया गरी तीन प्रकारमा राखेर अध्ययन गरिन्छ संसारका प्रत्येक भाषाका वाक्यमा प्रयुक्तकर्ता कर्म क्रियाको निश्चित क्रम हुन्छ
Recording (7)_chunk_0004.wav,यसैले पदक्रमका आधारमा संसारका भाषाको वर्गीकरण गर्न सकिन्छ र गरिएको पनि छ
Recording (7)_chunk_0005.wav,पदक्रमका आधारमा संसारमा छ किसिमका भाषा रहेका छन् नेपाली मैथली
Recording (7)_chunk_0006.wav,संस्कृत हिन्दी जापानी कोरियन मङ्गोलियन आदि भाषाकर्ता क्रम क्रियाको क्रम भएका भाषा हुन्
Recording (70)_chunk_0000.wav,पृथ्वीमा रहेका सबै पशुपक्षी कीटपतङ्ग र वनस्पतिहरू आपसमा निर्भर भएकाले
Recording (70)_chunk_0001.wav,पर्यावरणीय सन्तुलनका लागि यी सबैको आवश्यकता छ खेतीपाती शत्रु किरा फट्याङ्ग्रा
Recording (70)_chunk_0002.wav,सुलसुले मुसा खरायो तुम्सी बाँदर समेत पर्यावरणीय सन्तुलनका लागि आवश्यक छन्
Recording (70)_chunk_0003.wav,यस्ता जीवलाई मार्ने होइन थपाउने र भगाउने उपाय खोज्नुपर्छ
Recording (70)_chunk_0004.wav,जैविक खेती यही मान्यतामा आधारित छ जैविक खेतीले वातावरणीय सन्तुलन
Recording (70)_chunk_0005.wav,मिलाउनका साथै मानवलगायत पृथ्वीमा रहेका सबैको जीवन बचाउने काम गर्छ
Recording (74)_chunk_0000.wav,जैविक खेतीमा प्राङ्गारिक मलको प्रयोग गरिन्छ प्राङ्गारिक मलले वातावरणलाई कुनै असर गर्दैन
Recording (74)_chunk_0001.wav,यसबाट माटो पानी र वायु प्रदूषणलाई घटाउन सहयोग मिल्दछ
Recording (74)_chunk_0002.wav,यस्तो खेतीले माटोको उर्वराशक्ति कायम लाग्छ र मानिस तथा पशुप
Recording (74)_chunk_0003.wav,छबाट निस्कने फोहोर मैलाको व्यवस्थापनमा सहयोग गर्छ यसले ठूलो धनराशि खर्चेर रासायनिक
Recording (74)_chunk_0004.wav,िक मल उत्पादन गर्नुभन्दा गाउँसहरमा खरे जाने वस्तु र वनस्पतिबाट सामान्य तरिकाले प्राङ्गारिक मल बनाउनु धेरै श्रेयस्कर छ
Recording (74)_chunk_0005.wav,यसले सहर सफा राख्नु मल उत्पादनको खर्च घटाउन र वातावरण जोगाउन सहयोग गर्छ
Recording (74)_chunk_0006.wav,जैविक विधिबाट रोग तथा किरा नियन्त्रण गर्ने अनेकौँ उपायहरू छन्
Recording (74)_chunk_0007.wav,राम्ररी खनजोत गरी समयमा बाली लगाउँदा र उचित मलको प्रयोग गर्दा बाली बिरुवाको प्रतिरोधक क्ष
Recording (74)_chunk_0008.wav,क्षमता बढ्छ यसपल् बाल बिरुवामा रोग र किराहरूको आक्रमण
Recording (74)_chunk_0009.wav,मा कमी आउँछ कतिपय किराहरूलाई हातले टिपेर चालीको प्रयोग गरेर बत्ती बिलीी दिएर दिएर र
Recording (74)_chunk_0010.wav,मित्र किराको उत्पादन गरेर पनि हानिकारक किरा नियन्त्रण गर्न सकिन्छ तितो पिरो अमिलो
Recording (74)_chunk_0011.wav,तर आदि वनस्पतिको झोल र थुलो प्रयोग गर्नाले अधिकांश किरा रक किटाणुलाई भगाउनु र नियन्त्रण गर्न सकिन्छ
Recording (74)_chunk_0012.wav,यस्ता वनस्पतिमा तितेपाती निम जस्तो पर्दछन्
Recording (75)_chunk_0000.wav,जैविक खेती केवल निर्वाहमुखी न मात्र नभई त्यसको व्यावसायीकरण र आधुनिकीकरण हुनुपर्छ यसका लागि सर्वप्रथम माटोको परीक्षण आवश्यक हुन्छ
Recording (75)_chunk_0001.wav,कुन माटोमा के कस्तो तत्त्व छन् के कस्तो तत्त्व अभाव छ
Recording (75)_chunk_0002.wav,कुन माटो कुन बालीका लागि उपयुक्त छ आदि कुराको जानकारी लिएर माटोको प्र
Recording (75)_chunk_0003.wav,प्रकृतिअनुसार जैविक खेती लगाउन सकिन्छ माटामा
Recording (75)_chunk_0004.wav,विधिबाटै आपूर्ति गर्न सकिन्छ उपयुक्त हावापानी उपयुक्त मौसम आवश्यक मलको प्रयोग
Recording (75)_chunk_0005.wav,सिँचाइ व्यवस्था उपयुक्त बालिचक्र आदि मिलाएर खेती गर्न आवश्यक हुन्छ
Recording (75)_chunk_0006.wav,यसो गर्दा जैविक विधिबाट पनि पर्याप्त उत्पादन गर्न सकिन्छ
Recording (76)_chunk_0000.wav,नेपालको प्राकृतिक भौगोलिक सामाजिक सांस्कृतिक पर्यावरण जैविक खेतीको लागि अनुकूल छ
Recording (76)_chunk_0001.wav,प्रशस्त मात्रामा जङ्गल चरण सुविधा र पानीको स्रोत भएकाले नेपालमा व्यावसायिक रूपमा
Recording (76)_chunk_0002.wav,रूपमा गाई भैँसी बाख्रा भेडा कुखुरा सुँगुर माछा जस्ता पशुपक्षी पाल्न सकिन्छ
Recording (76)_chunk_0003.wav,यसबाट पर्याप्त मात्रामा दुध दही घिउ न मह चिज आदिको उत्पादनका साथै प्रा प्रा
Recording (76)_chunk_0004.wav,प्राङ्गारिक मल उत्पादन हुन्छ पानीको स्रोत उपयोग गरेर सिँचाइको राम्रो व्यवस्था गर्न सकिन्छ
Recording (76)_chunk_0005.wav,अब नेपाल गाउँ गाउँसम्म सडक यातायात पुग्न थालेको छ
Recording (76)_chunk_0006.wav,उत्पादित वस्तुलाई बजारसम्म पुर्याउन सहज बन्दैछ जैविक खाद्यवस्तु देशभित्र र विदेशमा पनि महँगो मूल्यमा सजिलै बिक्री हुन्छ
Recording (76)_chunk_0007.wav,वर्षेनी अरौँगौँ रुपियाँको खाद्य पदार्थ आयात गर्नु अहिले नेपालको बाध्यता बनेको छ
Recording (76)_chunk_0008.wav,निर्वाहमुखी र परम्परागत खेतीका कारण यस्तो भएको हो जैविक खेतीलाई वृहत अ
Recording (76)_chunk_0009.wav,त अभियानका रूपमा अगाडि बढाउन सके नेपाल खाद मन्न
Recording (79)_chunk_0000.wav,नेपालमा खेतीलाई व्यवसायका रूपमा बुझ्न र ग्रहण गर्न सकिएको छैन संसार जतिसुकै अगाडि बढे पनि
Recording (79)_chunk_0001.wav,मानिसको प्राण बचाउने खानेकुरा खेतीबाटै आउँछ भन्ने कुरा हामीले मनन गर्न सकेको छैनौँ
Recording (79)_chunk_0002.wav,खेतीलाई व्यवसाय नै नमान्नु हेला र अपेक्षाको पेसा भन्नु हाम्रो ठूलो कमजोरी हो
Recording (79)_chunk_0003.wav,खेती वनस्पतिको उत्पादन र उपयोग गर्ने एउटा महन् पेसा हो वनस्पति मानिसलाई बाँच्नका लागि नभई
Recording (79)_chunk_0004.wav,नहुने सास घाँस कपास पास इन्धन ओकथी पानी आदिका मूल स्रोत हो यो
Recording (79)_chunk_0005.wav,यो आफू बाँच्ने र दुनियाँलाई बचाउने पेसा हो यसैले खेती
Recording (79)_chunk_0006.wav,हेय नभएर सबैको प्रिय पेसाा बन्नुपर्छ नेपाल जस्तो कृषि प्रधान देशमा
Recording (79)_chunk_0007.wav,त झन् जैविक खेती नै सबैभन्दा मुख्य पेसा हो र हुनु पनि पर्छ
Recording (8)_chunk_0000.wav,म र टोलमा विद्यालय जाँदै थिौँ हामी घरबाट विद्यालय पुग्न करिब पन्ध्र मिनटको पैदल हिँड्नु पथ्यो बाटमा
Recording (8)_chunk_0001.wav,अकस्मात पानी पर्यो डोल्माले पानी पर्न सक्छ भनेर झोलामा छाता राखेकी रहे छिन् भन्ने कुरा उनले छाता छिकेपछि मात्र मलाई थाहा भयो
Recording (8)_chunk_0002.wav,छातले थाम्न नसक्ने गरी पानी पर्यो हामी ओथ लाग्यौ
Recording (8)_chunk_0003.wav,डोल्मासँग यात्रा गर्दा मलाई असाध्य रमाइलो लाग्छ उनी पढाइमा मात्र होइन
Recording (8)_chunk_0004.wav,गफ गर्न र कथा भन्न पनि त्यत्तिकै सिपालालो छिन् बाटामा हिँड्दा पनि
Recording (8)_chunk_0005.wav,उनी विभिन्न कथा सुनाउने गर्छिन् आज पनि आफ्नो देशको बारेमा उनीसित कुराकानी भयो
Recording (8)_chunk_0006.wav,ज्ञान पुस्तकमा मात्र सीमित हुँदैन र पढ्ने पढाउने कुरा पनि विद्यालयमा मात्रै सीमित हुँदैन काम गराई र भोकाइबाट जीवनमा ज्ञान प्राप्त हुन्छ
Recording (8)_chunk_0007.wav,उनको कुराबाट म सधैँ केही न केही प्रेरणा लिइरहेकै हुन्छु
Recording (80)_chunk_0000.wav,पुसको महिना केही दिनदेखि बादल लागेर दिन धुम्मिएको थियो
Recording (80)_chunk_0001.wav,देखेर पानी प पर्न पनि सकेको थिएन र घाम पनि पटक्कै लागेको थिएन
Recording (80)_chunk_0002.wav,चिसो धेरै बढेको थियो मानिसहरू घर घरमै अगाउन हिटर र मकलमा आगो तापेर वरिपरि बसिरहेका छन्
Recording (80)_chunk_0003.wav,भएका थिए केटाकेटी युवा बुढापाका सबैलाई जोडेर नराम्रोसँग गाँजेको थियो
Recording (80)_chunk_0004.wav,चडकको पिदाा भएकाले केटाकेटी पनि विथ्यालय गएका थिएनन्
Recording (80)_chunk_0005.wav,त्यही जाडोको दिन डाक्टर कमलको पनि छुट्टी थियो सधैँभरि ल्याप ल्यापटप र आइ
Recording (80)_chunk_0006.wav,आइप्याडमा भुक्ति खेलिरहेको छोराछोरी पनि आज भने हिटरको वरिपरि नै झुम्मएका थिए
Recording (80)_chunk_0007.wav,छोरी सुन्तलाले बिस्तारै कुरा निकाले आफ्ना साथीहरूले हजुरबा हजुरआमाबाट मिठा मिठा खाने
Recording (80)_chunk_0008.wav,कुराहरू सुन्ने गरेको तर आफूले भने त्यस्तो अवसर कहि्यै नभ्याएको गुनासो गरे
Recording (81)_chunk_0000.wav,बागमती अञ्चलको पूर्वतिर जनकपुर अञ्चल पर्छ दोलखा त्यही अञ्चलको पहाडी जिल्लाको नाम हो
Recording (81)_chunk_0001.wav,यस जिल्लामा प्रसिद्ध केही स्थलहरू छन् नेपालको स्विजरल्यान्ड मानिएको जिरी
Recording (81)_chunk_0002.wav,एसियाको समयको मापक मानिएको गौरीशङ्कर हिमाल आदिले गर्दा दोलखाको प्रसिद्धि दिन प्रतिदिन बढिरहेको छ
Recording (81)_chunk_0003.wav,त्यसका लागि साथै पर्यटनका दृष्टिले महत्त्वपूर्ण मानिएको कालिचोक
Recording (81)_chunk_0004.wav,धार्मिक पर्यटनका दृष्टिले महत्त्वपूर्ण दोलखा भीमसेन नेपालकै सबैभन्दा ठुलो
Recording (81)_chunk_0005.wav,जलविद्युत आयोजना तामाकोशी जस्ता कुराले पनि दोलखा प्रसिद्ध नै छ
Recording (81)_chunk_0006.wav,त्यसका अतिरिक्त जिरेल चुरेल थामी जस्ता विविध जातिका आदिभूमि पनि दोलखाानै हो
Recording (83)_chunk_0000.wav,नेपाली समाजमा भर्खरै मात्र नयाँपनको केही सङ्केत देखा पर्न थालेको छन्
Recording (83)_chunk_0001.wav,नेपालमा भएको राजनीतिक परिवर्तनपछि सामाजिक रूपान्तरणका लागि पनि पृष्ठभूमि तयार भइरहेको छ
Recording (83)_chunk_0002.wav,परिवर्तनपछि संसारका क्षेत्रमा व्यापक विकास भएको छ नेपाल पनि एउटै गाउँको
Recording (83)_chunk_0003.wav,रूपमा विकसित भएको विश्वको एउटा अङ्ग बनेको छ विश्वमा विकसित
Recording (83)_chunk_0004.wav,ज्ञान विज्ञान हरेक आयामसँग नेपालीको परिचय मात्र नभई धनिष्ठासमेत पढिसकेको छ
Recording (83)_chunk_0005.wav,समाजमा अनेक विभेदमा परेका जनसमुदाय पनि सोही कारणले
Recording (83)_chunk_0006.wav,ठाठाबाटा बनिरहेका छन् यस क्रममा नेपालीहरू पर्याप्त मात्रामा व्यक्तिवादी पनि बनिरहेका छन् स्वार्थको भावनाले मानिसलाई व्यक्तिवादी बनाउँछ
Recording (86)_chunk_0000.wav,हाम्रा विज्ञान शिक्षक भन्नुहुन्छ अहिलेको युग सूचना प्रविधिको युग हो
Recording (86)_chunk_0001.wav,अहिलेको युगमा कम्प्युटर प्रविधि खास गरेर इन्टरनेटमा पहुँच नहुनेहरू धेरै पछि पर्छन्
Recording (86)_chunk_0002.wav,उहाँले भनेको कुरालाई राम्ररी मनन गरेर मैले आफूलाई कम्प्युटर प्रविधिमा पोख्त बनाएको छु
Recording (86)_chunk_0003.wav,आधुनिक प्रविधिको कसरी सदुपयोग गर्नुपर्छ इन्टरनेटको उपयोगिता के हो मलाई थाहा छ
Recording (86)_chunk_0004.wav,इन्टरनेटलाई मैले पढाइकै एउटा अभिन्न अङ्ग बनाएको छु यसबाट मैले संसार चिन्न सकेको छु
Recording (86)_chunk_0005.wav,इन्टरनेटका अतिरिक्त पुस्तकालयमा गएर नयाँ नयाँ पुस्तक पढ्ने मेरो सोख छ
Recording (86)_chunk_0006.wav,मैले थुप्रै विदेशी तथा नेपाली लेखकका किताब पढेको छु भर्खरै मुना मदन पढेँ केही दिन अगाडि खामका पाइलाहरू पढेका थिए
Recording (86)_chunk_0007.wav,राम्रो लाग्यो म खेलकुदमा पनि उत्तिकै रुचि राख्छु मलाई मनपर्ने खेल हुन् क्रिकेट भलिबल फुटबल र चेस
Recording (86)_chunk_0008.wav,मलाई ठूलो सानो धनी गरब पुरुष महिला छुत अछुत भनी विभेद गर्ने चलन पटक्कै मनपर्र्दैन
Recording (86)_chunk_0009.wav,हाम्रो समाजमा रहेको वर्गीय जातीय क्षेत्रीय लैङ्गिक जस्ता विभेद हटाउनुपर्र्छ
Recording (86)_chunk_0010.wav,त्यस्तै शारीरिक रूपमा अशक्तहरूलाई छिछिी र दर दर गर्ने उनीहरूलाई बडा विचराा भनेर कमजोर ठान्ने प्रवृत्ति पनि मलाई पटक्कै मनपर्र्दैन
Recording (86)_chunk_0011.wav,उनीहरूसँग भिन्न प्रकारको क्षमता छ र उनीहरू पनि आफ्नै गोडामा उभिन सक्छन् भन्ने कुरा मलाई थाहा छ
Recording (91)_chunk_0000.wav,पितृसत्ताका कारणबाट भएका समस्या महिलाले मात्र भोगेका छैनन् पुरुषहरू पनि यसबाट पर्याप्त मात्रामा पीडित बनेका छन्
Recording (91)_chunk_0001.wav,कतिपय पुरुषलाई भान्सामा काम गर्ने रहर लाग्छ तर समाजका डरले उनीहरू त्यसो गर्न सक्दैनन्
Recording (91)_chunk_0002.wav,कतिपय पुरुषको स्वभाव नै लजालु हुन्छ तर उनीहरू लाजभन्दा
Recording (91)_chunk_0003.wav,दुःखमा आँसु नआउने मानिस हुँदैन समाजले भनेनी पुरुषलाई आँसु लुकाएर कठोर बन्ने आदेश दिन्छ
Recording (91)_chunk_0004.wav,दुःख हेपिनेलाई मात्र हुँदैन हेप्नेलाई पनि हुन्छ महिला र पुरुषमध्ये
Recording (91)_chunk_0005.wav,एउटा हेप्ने र अर्को हेपिने हुँदा समाजको संरचना पनि लथालिङ्ग हुन्छ
Recording (91)_chunk_0006.wav,यस्तो समाजमा मानिसले सुख र शान्तिको अनुभव गर्न पाउँदैनन् यसले सङ सङ्ग्लो र परिपूर्ण समाजको निर्माणको
Recording (91)_chunk_0007.wav,एउटा महत्त्वपूर्ण आधार हो पितृसत्ताको उच्छेदन र समसताको स्थापना
Recording (94)_chunk_0000.wav,जनता माध्यमिक विद्यालयमा यस गाउँपालिकाका तथा अन्य गाउँपालिकाका समेत बालबालिकाका अध्ययन गर्छन्
Recording (94)_chunk_0001.wav,यो विद्यालय स्थानीय समुदायको सद्भाव र सहयोगमा विद्यार्थी मैत्री वातावरण सिर्जना गर्न प्र्रयासरत छ
Recording (94)_chunk_0002.wav,यसैले यहाँ अहिले विद्यालय भवन विषयगत शिक्षक शिक्षक तथा खेलकुद सामग्री
Recording (94)_chunk_0003.wav,शौचालय खानेपानी तथा पुस्तकालयको व्यवस्था राम्रो छ घरबाट आउन सम्भव नहुने विद्यार्थीका लागि भने
Recording (94)_chunk_0004.wav,विद्यालयले आवासको व्यवस्था गरिदिने सकेका छैन
Recording (94)_chunk_0005.wav,यी विद्यार्थीहरू विद्यालयकै वरपर डेरा गरी बस्ने गर्छन् हिमालीय क्षेत्रको सानो बस्ती भएकै कारण उपयुक्त डेरा पाउन निकै समस्या छ
Recording (94)_chunk_0006.wav,त्यसमा पनि पर्यटकीय स्थल भएकाले विद्यार्थीले महँगो डेरा भाडा तिर्नु परेको छ
Recording (95)_chunk_0000.wav,विद्यार्थीहरूलाई घर वा डेरामा अध्ययन गर्न उपयुक्त शैक्षिक वातावरण आवश्यक हुन्छ
Recording (95)_chunk_0001.wav,यसका अभावमा विद्यार्थीलाई गृह कार्य गर्न समस्या पर्ने र त्यसको असर क
Recording (95)_chunk_0002.wav,कक्षा कोठामा हुने शिक्षण सिकाइमा प्रत्यक्ष रूपले पर्दछ पाठ्यक्रमले निर्धारण गरेको सक्षमता
Recording (95)_chunk_0003.wav,विद्यार्थीमा हासिल हुन नसक्नाका कारण पनि हो
Recording (95)_chunk_0004.wav,छात्रावासको सुविधा उपलब्ध गराउन सकेको अवस्थामा यी समस्या समाधान हुन्छन् साथै सिकााइमा पछि परेका विद्यार्थी
Recording (95)_chunk_0005.wav,त्यहाँ उनीहरूसँगका लागि सहपाठी सिकााइएको अवसर र विद्यालयको परामर्श पनि प्राप्त हुन्छ
Recording (95)_chunk_0006.wav,विद्यार्थीमा नवीनतम ज्ञान र आधुनिक
Recording (95)_chunk_0007.wav,सिपको विकास गर्न छात्रावासमा पत्र पत्रिका कम्प्युटर तथा अन्य
Recording (95)_chunk_0008.wav,सन्दर्भ सामग्रीको व्यवस्था पनि गर्न सकिन्छ यसबाट विद्यालयको शैक्षिक गुणस्तर प्रवर्धन गर्
Recording (95)_chunk_0009.wav,गर्न ठुलो सहयोग हुन्छ अत विद्यालयमा छात्रावास निर्माणको विशेष आवश्यकता छ
Recording (97)_chunk_0000.wav,माध्यमिक तहका चालिसजना विद्यार्थीका लागि बिस कोठाको दुई तले छात्रावास बनाउने विद्यालयको योना
Recording (97)_chunk_0001.wav,यसका लागि लगभग एक करोड रुपियाँ लाग्ने अनुमान छ विद्यालयसँग कुनै कुनै स्रोत छैन
Recording (97)_chunk_0002.wav,सरकारी अनुदान उपलब्ध हुन सक्ने सम्भावना पनि कम छ गाउँपालिकाले आफ्नो स्रोत
Recording (97)_chunk_0003.wav,तथा स्थानीय समुदायलाई समेत परिचालन गर्न सकेमा छात्रावास निर्माणको कार्य सम्भव हुन्छ अत
Recording (97)_chunk_0004.wav,यसका लागि आवश्यक प्रयास गरी छात्रावास निर्माण निर्माण योजनालाई
Recording (97)_chunk_0005.wav,सार्थक बनाउन विद्यालय प्रशासनको तर्फबाट हार्दिक अनुरोध छ
